num,score
1,0.46109
2,0.57614
3,0.52423
4,0.71747
5,0.39380
6,0.54492
7,0.42492
8,0.44203
9,0.39878
10,0.68681
11,0.52657
12,0.46693
13,0.37195
14,0.44236
15,0.54431
16,0.37349
17,0.55826
18,0.36185
19,0.39300
20,0.38939
21,0.52968
22,0.49023
23,0.39348
24,0.46627
25,0.38506
26,0.40688
27,0.54359
28,0.32039
